Sum of runs_off_bat,Column Labels,,,,,,,,,,,,,
Player,2008,2009,2010,2011,2012,2013,2014,2015,2016,2017,2018,2019,2020,2021
A Ashish Reddy,0,0,0,0,35,160,160,233,280,280,280,280,280,280
A Chandila,0,0,0,0,0,4,4,4,4,4,4,4,4,4
A Chopra,42,53,53,53,53,53,53,53,53,53,53,53,53,53
A Choudhary,0,0,0,0,0,0,0,0,0,25,25,25,25,25
A Dananjaya,0,0,0,0,0,0,0,0,0,0,4,4,4,4
A Flintoff,0,62,62,62,62,62,62,62,62,62,62,62,62,62
A Kumble,13,29,35,35,35,35,35,35,35,35,35,35,35,35
A Mishra,37,63,102,170,186,275,279,287,291,340,341,362,362,362
A Mithun,0,0,5,32,32,34,34,34,34,34,34,34,34,34
A Mukund,0,0,0,0,0,19,19,19,19,19,19,19,19,19
A Nehra,3,4,27,27,38,39,39,40,41,41,41,41,41,41
A Nortje,0,0,0,0,0,0,0,0,0,0,0,0,7,7
A Singh,0,1,1,2,2,2,2,2,2,2,2,2,2,2
A Symonds,161,410,839,974,974,974,974,974,974,974,974,974,974,974
A Uniyal,0,0,4,4,4,4,4,4,4,4,4,4,4,4
A Zampa,0,0,0,0,0,0,0,0,0,5,5,5,5,5
AA Bilakhia,0,67,69,69,69,69,69,69,69,69,69,69,69,69
AA Chavan,0,0,0,1,12,12,12,12,12,12,12,12,12,12
AA Jhunjhunwala,0,0,183,193,217,217,217,217,217,217,217,217,217,217
AA Noffke,9,9,9,9,9,9,9,9,9,9,9,9,9,9
AB Agarkar,54,120,160,167,167,179,179,179,179,179,179,179,179,179
AB Barath,0,0,42,42,42,42,42,42,42,42,42,42,42,42
AB de Villiers,95,560,671,983,1302,1675,2070,2583,3270,3486,3966,4408,4868,5181
AB Dinda,2,4,4,4,6,15,19,19,19,26,26,26,26,26
AB McDonald,0,3,68,76,123,123,123,123,123,123,123,123,123,123
Abdul Samad,0,0,0,0,0,0,0,0,0,0,0,0,113,224
Abdur Razzak,0,0,0,0,0,0,0,0,0,0,0,0,0,0
Abhishek Sharma,0,0,0,0,0,0,0,0,0,0,63,72,143,241
AC Blizzard,0,0,0,120,120,120,120,120,120,120,120,120,120,120
AC Gilchrist,436,931,1220,1603,1775,2069,2069,2069,2069,2069,2069,2069,2069,2069
AC Thomas,0,0,0,1,20,20,20,20,20,20,20,20,20,20
AC Voges,0,0,181,181,181,181,181,181,181,181,181,181,181,181
AD Hales,0,0,0,0,0,0,0,0,0,0,148,148,148,148
AD Mascarenhas,9,48,60,60,74,79,79,79,79,79,79,79,79,79
AD Mathews,0,16,249,249,376,548,548,692,692,724,724,724,724,724
AD Nath,0,0,0,0,0,0,0,0,20,20,29,90,90,90
AD Russell,0,0,0,0,47,58,60,386,574,574,890,1404,1521,1704
AF Milne,0,0,0,0,0,0,0,0,0,7,7,7,7,23
AG Murtaza,0,0,0,2,5,10,10,10,10,10,10,10,10,10
AG Paunikar,0,0,0,49,49,49,49,49,49,49,49,49,49,49
AJ Finch,0,0,21,68,123,579,888,911,1304,1604,1738,1738,2006,2006
AJ Turner,0,0,0,0,0,0,0,0,0,0,0,3,3,3
AJ Tye,0,0,0,0,0,0,0,0,0,53,85,85,91,91
AK Markram,0,0,0,0,0,0,0,0,0,0,0,0,0,146
AL Menaria,0,0,0,180,400,401,401,401,401,401,401,401,401,401
AM Nayar,206,399,457,518,563,629,672,672,672,672,672,672,672,672
AM Rahane,4,148,148,268,828,1316,1655,2195,2675,3057,3427,3820,3933,3941
AN Ahmed,0,0,4,22,22,22,26,36,36,36,36,36,36,36
AN Ghosh,0,7,7,7,7,7,7,7,7,7,7,7,7,7
Anirudh Singh,0,0,63,63,63,63,63,63,63,63,63,63,63,63
Ankit Sharma,0,0,0,0,18,18,52,59,62,87,87,87,87,87
Ankit Soni,0,0,0,0,0,0,0,0,0,7,7,7,7,7
Anmolpreet Singh,0,0,0,0,0,0,0,0,0,0,0,0,0,16
Anuj Rawat,0,0,0,0,0,0,0,0,0,0,0,0,0,0
Anureet Singh,0,0,0,0,0,0,0,18,18,33,36,36,36,36
AP Dole,0,0,34,34,34,34,34,34,34,34,34,34,34,34
AP Majumdar,0,0,0,0,87,87,87,87,87,87,87,87,87,87
AP Tare,0,0,50,50,50,173,299,313,321,339,339,339,339,339
AR Bawne,0,0,0,0,0,0,0,0,0,12,12,12,12,12
AR Patel,0,0,0,0,0,0,62,268,379,606,686,796,913,953
Arshdeep Singh,0,0,0,0,0,0,0,0,0,0,0,0,0,2
AS Joseph,0,0,0,0,0,0,0,0,0,0,0,15,15,15
AS Rajpoot,0,0,0,0,0,2,2,2,2,6,17,17,26,26
AS Raut,0,78,134,194,194,194,194,194,194,194,194,194,194,194
AS Yadav,49,49,49,49,49,49,49,49,49,49,49,49,49,49
AT Carey,0,0,0,0,0,0,0,0,0,0,0,0,32,32
AT Rayudu,0,0,356,751,1084,1349,1710,1991,2325,2416,3018,3300,3659,3916
AUK Pathan,0,0,0,33,39,39,39,39,39,39,39,39,39,39
Avesh Khan,0,0,0,0,0,0,0,0,0,0,0,4,4,9
Azhar Mahmood,0,0,0,0,186,382,382,388,388,388,388,388,388,388
B Akhil,46,63,63,76,76,76,76,76,76,76,76,76,76,76
B Chipli,20,20,20,227,264,280,280,280,280,280,280,280,280,280
B Kumar,0,0,0,1,41,93,94,111,154,158,171,183,183,217
B Laughlin,0,0,0,0,0,4,4,4,4,4,5,5,5,5
B Lee,17,45,56,61,103,124,124,124,124,124,124,124,124,124
B Stanlake,0,0,0,0,0,0,0,0,0,0,5,5,5,5
B Sumanth,0,0,35,35,35,35,35,35,35,35,35,35,35,35
BA Bhatt,0,0,0,0,6,6,6,6,6,6,6,6,6,6
BA Stokes,0,0,0,0,0,0,0,0,0,316,512,635,920,920
Basil Thampi,0,0,0,0,0,0,0,0,0,28,31,32,32,32
BAW Mendis,0,0,1,1,1,3,3,3,3,3,3,3,3,3
BB McCullum,188,474,588,945,1234,1240,1645,2081,2435,2755,2882,2882,2882,2882
BB Samantray,0,0,0,0,2,125,125,125,125,125,125,125,125,125
BB Sran,0,0,0,0,0,0,0,0,4,4,7,10,10,10
BCJ Cutting,0,0,0,0,0,0,8,8,73,124,220,238,238,238
BE Hendricks,0,0,0,0,0,0,0,1,1,1,1,1,1,1
Bipul Sharma,0,0,9,32,104,104,104,105,156,187,187,187,187,187
BJ Haddin,0,0,0,18,18,18,18,18,18,18,18,18,18,18
BJ Hodge,12,377,476,761,1006,1299,1400,1400,1400,1400,1400,1400,1400,1400
BJ Rohrer,0,0,0,0,0,193,193,193,193,193,193,193,193,193
BMAJ Mendis,0,0,0,0,0,23,23,23,23,23,23,23,23,23
BR Dunk,0,0,0,0,0,0,40,40,40,40,40,40,40,40
C de Grandhomme,0,0,0,0,0,0,0,0,0,126,257,303,303,303
C Madan,0,0,15,15,15,15,15,15,15,15,15,15,15,15
C Munro,0,0,0,0,0,0,0,0,30,30,93,177,177,177
C Nanda,0,0,0,0,0,0,0,0,0,0,0,0,0,0
C Sakariya,0,0,0,0,0,0,0,0,0,0,0,0,0,16
CA Ingram,0,0,0,21,21,21,21,21,21,21,21,205,205,205
CA Lynn,0,0,0,0,6,6,64,64,89,384,875,1280,1280,1329
CA Pujara,0,0,122,156,173,265,390,390,390,390,390,390,390,390
CH Gayle,0,184,476,1084,1817,2537,2733,3224,3451,3651,4019,4509,4804,4997
CH Morris,0,0,0,0,0,14,14,90,285,439,485,517,551,618
CJ Anderson,0,0,0,0,0,0,265,379,379,521,538,538,538,538
CJ Ferguson,0,0,0,48,98,98,98,98,98,98,98,98,98,98
CJ Jordan,0,0,0,0,0,0,0,0,3,3,3,3,32,64
CJ McKay,0,0,0,0,8,8,8,8,8,8,8,8,8,8
CK Kapugedera,16,16,16,16,16,16,16,16,16,16,16,16,16,16
CK Langeveldt,0,0,0,8,8,8,8,8,8,8,8,8,8,8
CL White,114,114,162,266,745,971,971,971,971,971,971,971,971,971
CM Gautam,0,0,0,0,0,44,165,169,169,169,169,169,169,169
CR Brathwaite,0,0,0,0,0,0,0,0,83,95,170,181,181,181
CR Woakes,0,0,0,0,0,0,0,0,0,46,63,63,63,78
CRD Fernando,2,2,4,4,4,4,4,4,4,4,4,4,4,4
CV Varun,0,0,0,0,0,0,0,0,0,0,0,0,10,12
D du Preez,0,10,10,10,10,10,10,10,10,10,10,10,10,10
D Kalyankrishna,3,3,3,3,3,3,3,3,3,3,3,3,3,3
D Padikkal,0,0,0,0,0,0,0,0,0,0,0,0,473,884
D Salunkhe,33,33,33,33,33,33,33,33,33,33,33,33,33,33
D Wiese,0,0,0,0,0,0,0,122,127,127,127,127,127,127
DA Miller,0,0,0,0,98,516,962,1319,1480,1563,1637,1850,1850,1974
DA Warner,0,163,445,769,1025,1435,1963,2525,3373,4014,4014,4706,5254,5451
DAJ Bracewell,0,0,0,0,12,12,12,12,12,12,12,12,12,12
DB Das,103,103,103,103,229,304,304,304,304,304,304,304,304,304
DB Ravi Teja,109,174,174,357,361,375,375,375,375,375,375,375,375,375
DE Bollinger,0,0,18,18,21,21,21,21,21,21,21,21,21,21
DH Yagnik,0,0,0,16,41,166,170,170,170,170,170,170,170,170
DJ Bravo,178,396,457,468,839,960,968,1163,1262,1262,1403,1483,1490,1537
DJ Harris,0,0,0,0,111,111,111,111,111,111,111,111,111,111
DJ Hooda,0,0,0,0,0,0,0,151,295,373,460,524,626,786
DJ Hussey,319,417,511,575,971,1206,1322,1322,1322,1322,1322,1322,1322,1322
DJ Jacobs,0,0,0,92,92,92,92,92,92,92,92,92,92,92
DJ Malan,0,0,0,0,0,0,0,0,0,0,0,0,0,26
DJ Muthuswami,0,0,0,0,0,0,0,1,1,1,1,1,1,1
DJ Thornely,39,39,39,39,39,39,39,39,39,39,39,39,39,39
DJG Sammy,0,0,0,0,0,174,282,295,295,295,295,295,295,295
DJM Short,0,0,0,0,0,0,0,0,0,0,115,115,115,115
DL Chahar,0,0,0,0,0,0,0,0,0,14,64,71,78,79
DL Vettori,0,34,67,90,121,121,121,121,121,121,121,121,121,121
DM Bravo,0,0,0,0,0,0,0,0,0,6,6,6,6,6
DNT Zoysa,11,11,11,11,11,11,11,11,11,11,11,11,11,11
DP Nannes,0,0,4,4,4,4,4,4,4,4,4,4,4,4
DP Vijaykumar,1,1,1,1,1,1,1,1,1,1,1,1,1,1
DPMD Jayawardene,179,398,843,1142,1477,1808,1808,1808,1808,1808,1808,1808,1808,1808
DR Martyn,0,0,19,19,19,19,19,19,19,19,19,19,19,19
DR Sams,0,0,0,0,0,0,0,0,0,0,0,0,0,6
DR Shorey,0,0,0,0,0,0,0,0,0,0,8,13,13,13
DR Smith,45,260,282,282,439,857,1423,1822,2146,2385,2385,2385,2385,2385
DS Kulkarni,2,11,11,13,23,23,58,62,89,90,96,101,104,104
DS Lehmann,18,18,18,18,18,18,18,18,18,18,18,18,18,18
DT Christian,0,0,0,190,335,341,341,341,341,420,446,446,446,460
DT Patil,13,13,13,13,13,13,13,13,13,13,13,13,13,13
DW Steyn,2,2,15,51,70,123,145,165,166,166,166,166,167,167
E Lewis,0,0,0,0,0,0,0,0,0,0,382,430,430,581
EJG Morgan,0,0,35,172,172,479,479,666,789,854,854,854,1273,1406
ER Dwivedi,0,0,0,0,0,0,0,0,24,24,24,24,24,24
F Behardien,0,0,0,0,0,0,0,0,14,14,14,14,14,14
F du Plessis,0,0,0,0,398,398,701,1081,1287,1295,1457,1853,2302,2935
FA Allen,0,0,0,0,0,0,0,0,0,0,0,0,0,6
FH Edwards,0,4,4,4,4,4,4,4,4,4,4,4,4,4
FY Fazal,0,0,164,183,183,183,183,183,183,183,183,183,183,183
G Gambhir,534,820,1097,1475,2065,2471,2806,3133,3634,4132,4217,4217,4217,4217
GB Hogg,0,0,0,0,15,15,15,22,22,22,22,22,22,22
GC Smith,441,653,697,739,739,739,739,739,739,739,739,739,739,739
GC Viljoen,0,0,0,0,0,0,0,0,0,0,0,3,3,3
GD McGrath,4,4,4,4,4,4,4,4,4,4,4,4,4,4
GD Phillips,0,0,0,0,0,0,0,0,0,0,0,0,0,26
GH Vihari,0,0,0,0,0,241,241,280,280,280,280,284,284,284
GHS Garton,0,0,0,0,0,0,0,0,0,0,0,0,0,2
GJ Bailey,0,45,63,63,63,63,320,579,663,663,663,663,663,663
GJ Maxwell,0,0,0,0,6,42,594,740,919,1229,1398,1398,1506,2019
GR Napier,0,15,15,15,15,15,15,15,15,15,15,15,15,15
Gurkeerat Singh,0,0,0,0,86,194,194,229,342,342,342,440,511,511
H Das,2,2,2,2,2,2,2,2,2,2,2,2,2,2
H Klaasen,0,0,0,0,0,0,0,0,0,0,57,66,66,66
Harbhajan Singh,30,114,219,322,430,546,574,691,783,799,828,829,829,833
Harmeet Singh,0,0,0,0,15,18,18,18,18,18,18,18,18,18
Harpreet Brar,0,0,0,0,0,0,0,0,0,0,0,20,20,84
Harpreet Singh,0,0,0,14,20,20,20,20,20,20,20,20,20,20
HF Gurney,0,0,0,0,0,0,0,0,0,0,0,1,1,1
HH Gibbs,167,538,805,805,886,886,886,886,886,886,886,886,886,886
HH Pandya,0,0,0,0,0,0,0,112,156,406,666,1075,1358,1485
HM Amla,0,0,0,0,0,0,0,0,157,577,577,577,577,577
HV Patel,0,0,0,0,15,15,28,47,47,47,107,107,128,187
I Malhotra,0,0,0,7,7,7,7,7,7,7,7,7,7,7
I Sharma,11,27,33,37,37,37,37,37,37,45,45,55,55,55
I Udana,0,0,0,0,0,0,0,0,0,0,0,0,15,15
IC Pandey,0,0,0,0,0,0,0,0,0,0,0,0,0,0
IK Pathan,131,327,603,753,929,1082,1137,1137,1148,1150,1150,1150,1150,1150
Imran Tahir,0,0,0,0,0,0,8,13,18,18,20,20,33,33
Iqbal Abdulla,1,1,1,16,18,26,26,46,83,88,88,88,88,88
IR Jaggi,0,0,0,28,43,43,43,43,43,76,76,76,76,76
IS Sodhi,0,0,0,0,0,0,0,0,0,0,1,7,7,7
Ishan Kishan,0,0,0,0,0,0,0,0,42,319,594,695,1211,1452
J Arunkumar,23,23,23,23,23,23,23,23,23,23,23,23,23,23
J Botha,0,47,47,277,335,378,378,409,409,409,409,409,409,409
J Suchith,0,0,0,0,0,0,0,48,48,48,48,54,54,68
J Syed Mohammad,0,0,0,15,19,29,29,29,29,29,29,29,29,29
J Theron,0,0,2,2,9,9,9,10,10,10,10,10,10,10
J Yadav,0,0,0,0,0,0,0,0,6,6,6,6,6,40
JA Morkel,241,338,537,675,782,828,873,959,975,975,975,975,975,975
JA Richardson,0,0,0,0,0,0,0,0,0,0,0,0,0,15
Jaskaran Singh,0,0,8,8,8,8,8,8,8,8,8,8,8,8
JC Archer,0,0,0,0,0,0,0,0,0,0,15,82,195,195
JC Buttler,0,0,0,0,0,0,0,0,255,528,1076,1387,1715,1969
JD Ryder,0,56,56,348,604,604,604,604,604,604,604,604,604,604
JD Unadkat,0,0,0,0,0,2,3,3,3,5,54,55,64,105
JDP Oram,18,106,106,106,106,106,106,106,106,106,106,106,106,106
JDS Neesham,0,0,0,0,0,0,42,42,42,42,42,42,61,61
JE Taylor,0,0,0,3,3,3,3,3,3,3,3,3,3,3
JEC Franklin,0,0,0,107,327,327,327,327,327,327,327,327,327,327
JH Kallis,199,560,1132,1556,1965,2276,2427,2427,2427,2427,2427,2427,2427,2427
JJ Bumrah,0,0,0,0,0,0,1,1,9,25,35,35,40,56
JJ Roy,0,0,0,0,0,0,0,0,0,59,179,179,179,329
JJ van der Wath,0,0,0,18,18,18,18,18,18,18,18,18,18,18
JL Denly,0,0,0,0,0,0,0,0,0,0,0,0,0,0
JL Pattinson,0,0,0,0,0,0,0,0,0,0,0,0,15,15
JM Bairstow,0,0,0,0,0,0,0,0,0,0,0,445,790,1038
JM Kemp,0,0,26,26,26,26,26,26,26,26,26,26,26,26
JO Holder,0,0,0,0,0,0,16,16,38,38,38,38,104,189
Joginder Sharma,16,36,36,36,36,36,36,36,36,36,36,36,36,36
JP Duminy,0,372,529,734,978,978,1388,1802,1993,1993,2029,2029,2029,2029
JP Faulkner,0,0,0,0,14,71,252,396,473,527,527,527,527,527
JPR Scantlebury-Searles,0,0,0,0,0,0,0,0,0,0,8,8,8,8
JR Hopes,221,221,221,417,417,417,417,417,417,417,417,417,417,417
JR Philippe,0,0,0,0,0,0,0,0,0,0,0,0,78,78
K Goel,76,200,218,218,218,218,218,218,218,218,218,218,218,218
K Gowtham,0,0,0,0,0,0,0,0,0,0,126,144,186,186
K Rabada,0,0,0,0,0,0,0,0,0,55,55,69,125,138
K Upadhyay,0,0,0,0,11,12,12,12,12,12,12,12,12,12
K Yadav,0,0,0,0,0,0,0,0,0,0,0,0,0,0
KA Jamieson,0,0,0,0,0,0,0,0,0,0,0,0,0,65
KA Pollard,0,0,273,419,639,1059,1332,1751,1958,2353,2486,2767,3048,3293
KAJ Roach,0,0,10,10,10,10,10,10,10,10,10,10,10,10
Kamran Akmal,128,128,128,128,128,128,128,128,128,128,128,128,128,128
Kamran Khan,0,3,3,3,3,3,3,3,3,3,3,3,3,3
Karanveer Singh,0,0,0,0,0,0,1,12,12,12,12,12,12,12
Kartik Tyagi,0,0,0,0,0,0,0,0,0,0,0,0,4,6
KB Arun Karthik,0,0,3,10,10,51,51,51,51,51,51,51,51,51
KC Cariappa,0,0,0,0,0,0,0,0,13,15,15,24,24,24
KC Sangakkara,320,652,1009,1367,1567,1687,1687,1687,1687,1687,1687,1687,1687,1687
KD Karthik,145,433,711,993,1231,1741,2066,2207,2542,2903,3401,3655,3824,4047
KH Pandya,0,0,0,0,0,0,0,0,237,480,708,891,1000,1143
KJ Abbott,0,0,0,0,0,0,0,0,13,13,13,13,13,13
KK Ahmed,0,0,0,0,0,0,0,0,0,0,0,0,0,1
KK Cooper,0,0,0,0,38,77,116,116,116,116,116,116,116,116
KK Nair,0,0,0,0,0,9,339,520,877,1158,1459,1464,1480,1480
KL Nagarkoti,0,0,0,0,0,0,0,0,0,0,0,0,22,22
KL Rahul,0,0,0,0,0,20,186,328,725,725,1384,1977,2653,3279
KM Jadhav,0,0,76,94,94,246,395,584,626,893,917,1079,1141,1196
KMA Paul,0,0,0,0,0,0,0,0,0,0,0,18,18,18
KMDN Kulasekara,0,0,0,0,5,5,5,5,5,5,5,5,5,5
KP Appanna,0,0,2,2,2,2,2,2,2,2,2,2,2,2
KP Pietersen,0,93,329,329,634,634,928,928,1001,1001,1001,1001,1001,1001
KS Bharat,0,0,0,0,0,0,0,0,0,0,0,0,0,191
KS Williamson,0,0,0,0,0,0,0,31,155,411,1146,1302,1619,1889
Kuldeep Yadav,0,0,0,0,0,0,0,0,0,20,32,44,57,57
KV Sharma,0,1,1,1,1,86,128,232,268,317,317,317,317,317
KW Richardson,0,0,0,0,0,34,35,35,36,36,36,36,36,36
L Ablish,0,0,0,0,0,0,0,0,0,0,0,0,0,0
L Balaji,0,4,22,26,26,35,36,36,36,36,36,36,36,36
L Ronchi,34,34,34,34,34,34,34,34,34,34,34,34,34,34
LA Carseldine,0,81,81,81,81,81,81,81,81,81,81,81,81,81
LA Pomersbach,152,193,193,244,244,302,302,302,302,302,302,302,302,302
Lalit Yadav,0,0,0,0,0,0,0,0,0,0,0,0,0,68
LE Plunkett,0,0,0,0,0,0,0,0,0,0,1,1,1,1
LH Ferguson,0,0,0,0,0,0,0,0,0,1,1,1,44,62
LJ Wright,0,0,0,0,0,106,106,106,106,106,106,106,106,106
LMP Simmons,0,0,0,0,0,0,394,934,942,1079,1079,1079,1079,1079
LPC Silva,40,40,40,40,40,40,40,40,40,40,40,40,40,40
LR Shukla,163,246,282,296,371,374,405,405,405,405,405,405,405,405
LRPL Taylor,149,429,517,698,895,958,1017,1017,1017,1017,1017,1017,1017,1017
LS Livingstone,0,0,0,0,0,0,0,0,0,0,0,70,70,112
M Ashwin,0,0,0,0,0,0,0,0,0,0,1,4,8,23
M de Lange,0,0,0,0,0,0,1,1,1,1,1,1,1,1
M Jansen,0,0,0,0,0,0,0,0,0,0,0,0,0,0
M Kaif,176,176,204,245,259,259,259,259,259,259,259,259,259,259
M Kartik,30,51,73,85,111,113,113,113,113,113,113,113,113,113
M Klinger,0,0,0,73,73,73,73,73,73,73,73,73,73,73
M Manhas,0,75,232,346,466,479,514,514,514,514,514,514,514,514
M Markande,0,0,0,0,0,0,0,0,0,0,21,27,27,27
M Morkel,0,8,17,57,60,117,121,125,126,126,126,126,126,126
M Muralitharan,0,8,9,14,20,20,20,20,20,20,20,20,20,20
M Ntini,11,11,11,11,11,11,11,11,11,11,11,11,11,11
M Prasidh Krishna,0,0,0,0,0,0,0,0,0,0,1,1,3,3
M Rawat,34,50,50,50,50,55,55,55,55,55,55,55,55,55
M Shahrukh Khan,0,0,0,0,0,0,0,0,0,0,0,0,0,153
M Vijay,0,60,518,952,1288,1600,1807,2058,2511,2511,2523,2587,2619,2619
M Vohra,0,0,0,0,0,161,485,567,728,957,1012,1012,1012,1054
MA Agarwal,0,0,0,141,366,433,548,761,788,814,934,1266,1698,2139
MA Khote,24,24,24,24,24,24,24,24,24,24,24,24,24,24
MA Starc,0,0,0,0,0,0,85,96,96,96,96,96,96,96
MA Wood,0,0,0,0,0,0,0,0,0,0,1,1,1,1
Mandeep Singh,0,0,4,51,483,743,767,924,924,1112,1364,1529,1659,1674
Mashrafe Mortaza,0,2,2,2,2,2,2,2,2,2,2,2,2,2
MC Henriques,0,38,49,49,49,214,223,510,692,969,969,969,969,1000
MC Juneja,0,0,0,0,0,125,125,125,125,125,125,125,125,125
MD Mishra,0,0,166,233,237,237,237,237,237,237,237,237,237,237
MDKJ Perera,0,0,0,0,0,14,14,14,14,14,14,14,14,14
MEK Hussey,168,168,205,697,958,1691,1900,1977,1977,1977,1977,1977,1977,1977
MF Maharoof,125,146,177,177,177,177,177,177,177,177,177,177,177,177
MG Johnson,0,0,0,0,0,39,95,126,131,151,167,167,167,167
Misbah-ul-Haq,117,117,117,117,117,117,117,117,117,117,117,117,117,117
MJ Clarke,0,0,0,0,98,98,98,98,98,98,98,98,98,98
MJ Guptill,0,0,0,0,0,0,0,0,57,189,189,271,271,271
MJ Lumb,0,0,278,278,278,278,278,278,278,278,278,278,278,278
MJ McClenaghan,0,0,0,0,0,0,0,13,47,63,74,85,85,85
MJ Santner,0,0,0,0,0,0,0,0,0,0,0,32,32,32
MK Lomror,0,0,0,0,0,0,0,0,0,0,20,28,87,181
MK Pandey,3,171,420,666,809,945,1354,1579,1827,2223,2507,2852,3277,3569
MK Tiwary,104,113,350,709,969,1115,1267,1324,1324,1648,1695,1695,1695,1695
ML Hayden,189,761,1107,1107,1107,1107,1107,1107,1107,1107,1107,1107,1107,1107
MM Ali,0,0,0,0,0,0,0,0,0,0,77,297,309,666
MM Patel,0,33,37,37,39,39,39,39,39,39,39,39,39,39
MM Sharma,0,0,0,0,0,0,1,29,61,112,122,122,122,122
MN Samuels,0,0,0,0,124,132,132,132,132,161,161,161,161,161
MN van Wyk,0,167,167,167,167,167,167,167,167,167,167,167,167,167
Mohammad Ashraful,0,2,2,2,2,2,2,2,2,2,2,2,2,2
Mohammad Asif,3,3,3,3,3,3,3,3,3,3,3,3,3,3
Mohammad Hafeez,64,64,64,64,64,64,64,64,64,64,64,64,64,64
Mohammad Nabi,0,0,0,0,0,0,0,0,0,2,20,141,152,186
Mohammed Shami,0,0,0,0,0,5,8,8,10,46,53,54,56,69
Mohammed Siraj,0,0,0,0,0,0,0,0,0,0,25,29,46,66
MP Stoinis,0,0,0,0,0,0,0,0,146,163,262,473,825,914
MR Marsh,0,0,28,78,78,218,218,218,225,225,225,225,225,225
MS Bisla,0,0,218,290,503,758,761,798,798,798,798,798,798,798
MS Dhoni,414,746,1033,1425,1783,2244,2615,2987,3271,3561,4016,4432,4632,4746
MS Gony,35,48,50,50,54,99,99,99,99,99,99,99,99,99
MS Wade,0,0,0,22,22,22,22,22,22,22,22,22,22,22
Mujeeb Ur Rahman,0,0,0,0,0,0,0,0,0,0,10,10,11,12
Mustafizur Rahman,0,0,0,0,0,0,0,0,0,0,1,1,1,9
MV Boucher,225,375,388,394,394,394,394,394,394,394,394,394,394,394
N Jagadeesan,0,0,0,0,0,0,0,0,0,0,0,0,33,33
N Pooran,0,0,0,0,0,0,0,0,0,0,0,168,521,606
N Rana,0,0,0,0,0,0,0,0,104,437,741,1085,1437,1820
N Saini,0,0,0,0,140,140,140,140,140,140,140,140,140,140
NA Saini,0,0,0,0,0,0,0,0,0,0,0,2,29,31
ND Doshi,0,0,0,0,0,0,0,0,0,0,0,0,0,0
Niraj Patel,103,121,121,121,121,121,121,121,121,121,121,121,121,121
NJ Maddinson,0,0,0,0,0,0,16,20,20,20,20,20,20,20
NJ Rimmington,0,0,0,1,1,1,1,1,1,1,1,1,1,1
NL McCullum,0,0,0,26,26,26,26,26,26,26,26,26,26,26
NLTC Perera,0,0,0,23,27,262,262,274,424,424,424,424,424,424
NM Coulter-Nile,0,0,0,0,0,9,9,29,38,52,52,52,77,81
NS Naik,0,0,0,0,0,0,0,0,23,23,23,30,31,31
NT Ellis,0,0,0,0,0,0,0,0,0,0,0,0,0,18
NV Ojha,0,168,545,705,960,969,1201,1338,1474,1553,1554,1554,1554,1554
OA Shah,0,0,115,141,481,506,506,506,506,506,506,506,506,506
P Awana,0,0,0,0,4,5,5,5,5,5,5,5,5,5
P Chopra,0,0,0,0,0,0,0,0,0,0,8,8,8,8
P Dogra,0,0,107,107,122,127,127,127,127,127,127,127,127,127
P Dubey,0,0,0,0,0,0,0,0,0,0,0,0,7,7
P Kumar,112,177,181,208,243,290,291,308,332,340,340,340,340,340
P Negi,0,0,0,0,36,36,36,152,209,353,356,365,365,365
P Parameswaran,0,0,0,1,1,1,1,1,1,1,1,1,1,1
P Ray Barman,0,0,0,0,0,0,0,0,0,0,0,19,19,19
P Sahu,0,0,0,0,0,0,0,0,19,19,19,19,19,19
P Simran Singh,0,0,0,0,0,0,0,0,0,0,0,16,31,50
PA Patel,302,444,516,718,912,1206,1411,1750,1927,2322,2475,2848,2848,2848
PA Reddy,0,0,0,0,73,164,164,164,164,164,164,164,164,164
Pankaj Singh,5,6,7,7,7,7,7,7,7,7,7,7,7,7
Parvez Rasool,0,0,0,0,0,5,5,7,17,17,17,17,17,17
PC Valthaty,0,6,6,469,499,505,505,505,505,505,505,505,505,505
PD Collingwood,0,0,203,203,203,203,203,203,203,203,203,203,203,203
PJ Cummins,0,0,0,0,0,0,0,0,0,77,77,77,223,316
PJ Sangwan,2,8,18,18,18,22,22,22,22,24,24,24,24,24
PK Garg,0,0,0,0,0,0,0,0,0,0,0,0,133,205
PM Sarvesh Kumar,1,1,1,1,1,1,1,1,1,1,1,1,1,1
PP Chawla,90,121,183,231,337,401,432,486,513,515,542,584,584,584
PP Ojha,2,3,6,6,10,12,16,16,16,16,16,16,16,16
PP Shaw,0,0,0,0,0,0,0,0,0,0,245,598,826,1305
PR Shah,34,87,87,92,92,92,92,92,92,92,92,92,92,92
PSP Handscomb,0,0,0,0,0,0,0,0,6,6,6,6,6,6
PV Tambe,0,0,0,0,0,3,8,11,18,18,18,18,18,18
PWH de Silva,0,0,0,0,0,0,0,0,0,0,0,0,0,1
Q de Kock,0,0,0,0,0,6,159,281,726,726,927,1456,1962,2259
R Ashwin,0,8,38,40,58,93,138,190,231,231,333,375,412,456
R Bhatia,34,42,66,91,126,225,292,292,326,342,342,342,342,342
R Bishnoi,0,19,19,19,19,19,19,19,19,19,19,19,19,19
R Dhawan,0,0,0,0,0,21,103,139,153,153,153,153,153,153
R Dravid,371,642,898,1241,1703,2174,2174,2174,2174,2174,2174,2174,2174,2174
R McLaren,0,0,66,156,156,159,159,159,159,159,159,159,159,159
R Ninan,0,0,0,3,3,3,3,3,3,3,3,3,3,3
R Parag,0,0,0,0,0,0,0,0,0,0,0,160,246,339
R Rampaul,0,0,0,0,0,38,51,51,51,51,51,51,51,51
R Sathish,0,0,112,137,137,246,246,246,270,270,270,270,270,270
R Sharma,0,0,29,53,55,66,66,66,66,66,66,66,66,66
R Shukla,0,0,0,0,0,1,19,19,19,19,19,19,19,19
R Tewatia,0,0,0,0,0,0,16,16,16,35,85,111,366,521
R Vinay Kumar,25,72,99,149,217,287,291,291,304,304,310,310,310,310
RA Jadeja,135,430,430,713,904,1105,1251,1383,1574,1732,1821,1927,2159,2386
RA Tripathi,0,0,0,0,0,0,0,0,0,391,617,758,988,1385
Rashid Khan,0,0,0,0,0,0,0,0,0,11,70,104,139,222
Rasikh Salam,0,0,0,0,0,0,0,0,0,0,0,5,5,5
Ravi Bishnoi,0,0,0,0,0,0,0,0,0,0,0,0,7,8
RD Chahar,0,0,0,0,0,0,0,0,0,3,3,15,17,31
RD Gaikwad,0,0,0,0,0,0,0,0,0,0,0,0,204,839
RE Levi,0,0,0,0,83,83,83,83,83,83,83,83,83,83
RE van der Merwe,0,122,123,137,137,159,159,159,159,159,159,159,159,159
RG More,0,0,0,0,0,0,0,2,2,2,2,2,2,2
RG Sharma,404,766,1170,1542,1975,2513,2903,3385,3874,4207,4493,4898,5232,5613
RJ Harris,0,21,66,97,115,117,117,117,117,117,117,117,117,117
RJ Peterson,0,0,0,0,32,32,32,32,32,32,32,32,32,32
RJ Quiney,0,103,103,103,103,103,103,103,103,103,103,103,103,103
RK Bhui,0,0,0,0,0,0,0,0,0,0,0,7,7,7
RK Singh,0,0,0,0,0,0,0,0,0,0,29,66,77,77
RM Patidar,0,0,0,0,0,0,0,0,0,0,0,0,0,71
RN ten Doeschate,0,0,0,107,128,213,265,326,326,326,326,326,326,326
RP Singh,27,35,44,46,52,52,52,52,52,52,52,52,52,52
RR Bhatkal,0,0,0,0,0,0,0,0,0,0,0,0,0,0
RR Pant,0,0,0,0,0,0,0,0,198,564,1248,1742,2087,2511
RR Powar,28,51,56,67,67,67,67,67,67,67,67,67,67,67
RR Raje,8,20,20,20,20,20,20,20,20,20,20,20,20,20
RR Rossouw,0,0,0,0,0,0,39,53,53,53,53,53,53,53
RR Sarwan,73,73,73,73,73,73,73,73,73,73,73,73,73,73
RS Bopara,0,138,386,386,386,386,386,531,531,531,531,531,531,531
RS Gavaskar,0,0,2,2,2,2,2,2,2,2,2,2,2,2
RS Sodhi,0,0,4,4,4,4,4,4,4,4,4,4,4,4
RT Ponting,39,39,39,39,39,91,91,91,91,91,91,91,91,91
RV Gomez,0,0,0,46,46,50,50,50,50,50,50,50,50,50
RV Patel,0,0,0,0,0,0,0,0,0,0,0,0,0,25
RV Uthappa,320,495,869,1133,1538,1972,2632,2996,3390,3778,4129,4413,4609,4724
S Anirudha,1,1,31,114,133,133,136,136,136,136,136,136,136,136
S Aravind,0,0,0,13,27,27,27,27,27,59,59,59,59,59
S Badree,0,0,0,0,0,0,0,0,0,13,13,13,13,13
S Badrinath,192,369,725,1121,1317,1441,1441,1441,1441,1441,1441,1441,1441,1441
S Chanderpaul,25,25,25,25,25,25,25,25,25,25,25,25,25,25
S Dhawan,340,380,571,971,1540,1851,2228,2581,3082,3561,4058,4579,5197,5784
S Dube,0,0,0,0,0,0,0,0,0,0,0,40,169,399
S Gopal,0,0,0,0,0,0,11,12,14,14,64,127,164,171
S Kaul,0,0,0,0,0,7,9,9,9,9,12,12,12,20
S Kaushik,0,0,0,0,0,0,0,0,0,0,0,0,0,0
S Ladda,0,0,0,0,0,0,0,0,0,0,0,0,0,0
S Lamichhane,0,0,0,0,0,0,0,0,0,0,0,0,0,0
S Nadeem,0,0,0,0,0,14,21,23,24,26,32,32,39,39
S Narwal,0,0,14,14,14,37,37,37,37,37,37,37,37,37
S Rana,0,0,0,18,18,18,91,91,91,91,91,91,91,91
S Randiv,0,0,0,2,2,2,2,2,2,2,2,2,2,2
S Sohal,4,119,119,368,368,368,368,368,368,368,368,368,368,368
S Sreesanth,0,5,32,33,33,34,34,34,34,34,34,34,34,34
S Sriram,0,0,27,31,31,31,31,31,31,31,31,31,31,31
S Tyagi,0,0,3,3,3,3,3,3,3,3,3,3,3,3
S Vidyut,145,145,145,145,145,145,145,145,145,145,145,145,145,145
SA Abbott,0,0,0,0,0,0,0,15,15,15,15,15,15,15
SA Asnodkar,311,409,414,423,423,423,423,423,423,423,423,423,423,423
SA Yadav,0,0,0,0,0,0,164,321,503,608,1120,1544,2024,2341
Sachin Baby,0,0,0,0,0,3,3,3,122,137,137,137,137,144
Salman Butt,193,193,193,193,193,193,193,193,193,193,193,193,193,193
Sandeep Sharma,0,0,0,0,0,0,2,11,19,26,26,32,44,52
SB Bangar,47,49,49,49,49,49,49,49,49,49,49,49,49,49
SB Jakati,0,20,20,20,27,27,27,27,28,28,28,28,28,28
SB Joshi,6,6,6,6,6,6,6,6,6,6,6,6,6,6
SB Styris,112,126,126,131,131,131,131,131,131,131,131,131,131,131
SB Wagh,0,0,0,2,2,2,2,2,2,2,2,2,2,2
SC Ganguly,349,538,1031,1081,1349,1349,1349,1349,1349,1349,1349,1349,1349,1349
SD Chitnis,18,24,24,33,99,99,99,99,99,99,99,99,99,99
SD Lad,0,0,0,0,0,0,0,0,0,0,0,15,15,15
SE Bond,0,0,1,1,1,1,1,1,1,1,1,1,1,1
SE Marsh,616,616,763,1267,1603,1903,1973,2066,2225,2489,2489,2489,2489,2489
SE Rutherford,0,0,0,0,0,0,0,0,0,0,0,73,73,73
Shahbaz Ahmed,0,0,0,0,0,0,0,0,0,0,0,0,1,60
Shahid Afridi,81,81,81,81,81,81,81,81,81,81,81,81,81,81
Shakib Al Hasan,0,0,0,29,120,120,349,385,499,500,739,748,748,795
Shivam Mavi,0,0,0,0,0,0,0,0,0,0,13,13,23,48
Shivam Sharma,0,0,0,0,0,0,5,5,5,5,5,5,5,5
Shoaib Ahmed,0,1,1,1,1,1,1,1,1,1,1,1,1,1
Shoaib Akhtar,2,2,2,2,2,2,2,2,2,2,2,2,2,2
Shoaib Malik,52,52,52,52,52,52,52,52,52,52,52,52,52,52
Shubman Gill,0,0,0,0,0,0,0,0,0,0,203,499,939,1417
SJ Srivastava,0,0,1,5,5,5,5,5,5,5,5,5,5,5
SK Raina,421,855,1383,1821,2262,2810,3333,3707,4106,4548,4993,5376,5376,5536
SK Trivedi,5,14,34,34,39,42,42,42,42,42,42,42,42,42
SK Warne,70,178,188,198,198,198,198,198,198,198,198,198,198,198
SL Malinga,0,0,1,9,64,73,75,81,81,88,88,88,88,88
SM Curran,0,0,0,0,0,0,0,0,0,0,0,95,281,337
SM Harwood,0,9,9,9,9,9,9,9,9,9,9,9,9,9
SM Katich,96,241,241,241,241,241,241,241,241,241,241,241,241,241
SM Pollock,147,147,147,147,147,147,147,147,147,147,147,147,147,147
SMSM Senanayake,0,0,0,0,0,10,10,10,10,10,10,10,10,10
SN Khan,0,0,0,0,0,0,0,111,177,177,228,408,441,441
SN Thakur,0,0,0,0,0,0,0,7,7,7,22,36,48,53
SO Hetmyer,0,0,0,0,0,0,0,0,0,0,0,90,275,517
Sohail Tanvir,36,36,36,36,36,36,36,36,36,36,36,36,36,36
SP Fleming,196,196,196,196,196,196,196,196,196,196,196,196,196,196
SP Goswami,82,135,143,172,241,241,241,241,241,241,293,293,293,293
SP Jackson,0,0,0,0,0,0,0,0,0,38,38,38,38,38
SP Narine,0,0,0,0,9,30,40,40,47,271,628,771,892,954
SPD Smith,0,0,0,0,362,521,673,971,1241,1713,1713,2032,2343,2495
SR Tendulkar,188,552,1169,1722,2046,2333,2333,2333,2333,2333,2333,2333,2333,2333
SR Watson,472,472,657,987,1242,1785,2031,2378,2557,2628,3183,3581,3880,3880
SS Cottrell,0,0,0,0,0,0,0,0,0,0,0,0,0,0
SS Iyer,0,0,0,0,0,0,0,439,469,807,1218,1685,2204,2379
SS Shaikh,0,6,6,6,6,6,6,6,6,6,6,6,6,6
SS Tiwary,26,39,458,645,836,945,945,1054,1224,1276,1276,1276,1379,1494
ST Jayasuriya,514,735,768,768,768,768,768,768,768,768,768,768,768,768
STR Binny,0,0,8,45,135,428,551,625,688,766,810,880,880,880
Sunny Gupta,0,0,0,0,0,0,0,0,0,0,0,0,0,0
Sunny Singh,0,0,0,43,43,43,43,43,43,43,43,43,43,43
SV Samson,0,0,0,0,0,206,545,749,1040,1426,1867,2209,2584,3068
SW Billings,0,0,0,0,0,0,0,0,88,226,334,334,334,334
SW Tait,0,0,12,22,22,23,23,23,23,23,23,23,23,23
Swapnil Singh,0,0,0,0,0,0,0,0,0,12,12,12,12,12
T Banton,0,0,0,0,0,0,0,0,0,0,0,0,18,18
T Henderson,0,11,11,11,11,11,11,11,11,11,11,11,11,11
T Kohli,10,11,11,11,11,11,11,11,11,11,11,11,11,11
T Natarajan,0,0,0,0,0,0,0,0,0,0,0,0,3,3
T Shamsi,0,0,0,0,0,0,0,0,0,0,0,0,0,2
T Taibu,31,31,31,31,31,31,31,31,31,31,31,31,31,31
T Thushara,0,2,12,12,12,12,12,12,12,12,12,12,12,12
TA Boult,0,0,0,0,0,0,0,0,0,5,5,12,12,13
TD Paine,0,0,0,10,10,10,10,10,10,10,10,10,10,10
TG Southee,0,0,0,0,0,0,4,17,47,54,106,115,115,118
TH David,0,0,0,0,0,0,0,0,0,0,0,0,0,1
TK Curran,0,0,0,0,0,0,0,0,0,0,23,23,106,127
TL Seifert,0,0,0,0,0,0,0,0,0,0,0,0,0,2
TL Suman,0,237,544,609,624,676,676,676,676,676,676,676,676,676
TM Dilshan,104,522,566,792,1077,1153,1153,1153,1153,1153,1153,1153,1153,1153
TM Head,0,0,0,0,0,0,0,0,54,205,205,205,205,205
TM Srivastava,8,8,8,8,8,8,8,8,8,8,8,8,8,8
TR Birt,0,0,0,75,75,75,75,75,75,75,75,75,75,75
TS Mills,0,0,0,0,0,0,0,0,0,8,8,8,8,8
TU Deshpande,0,0,0,0,0,0,0,0,0,0,0,0,21,21
U Kaul,0,0,0,0,0,0,0,0,0,0,0,0,0,0
UA Birla,0,0,0,0,0,7,7,7,7,7,7,7,7,7
UBT Chand,0,0,0,2,38,196,198,300,300,300,300,300,300,300
Umar Gul,39,39,39,39,39,39,39,39,39,39,39,39,39,39
UT Khawaja,0,0,0,0,0,0,0,0,127,127,127,127,127,127
UT Yadav,0,0,3,4,6,44,46,75,84,94,97,122,122,122
V Kohli,165,411,718,1275,1639,2278,2637,3142,4115,4423,4953,5417,5888,6293
V Pratap Singh,0,0,0,0,0,0,0,0,0,0,0,0,0,0
V Sehwag,406,604,960,1384,1879,2174,2629,2728,2728,2728,2728,2728,2728,2728
V Shankar,0,0,0,0,0,0,0,0,0,101,313,557,654,712
VH Zol,0,0,0,0,0,0,29,29,29,29,29,29,29,29
Virat Singh,0,0,0,0,0,0,0,0,0,0,0,0,0,15
Vishnu Vinod,0,0,0,0,0,0,0,0,0,19,19,19,19,19
VR Aaron,0,0,0,0,1,1,36,42,42,46,46,49,50,50
VR Iyer,0,0,0,0,0,0,0,0,0,0,0,0,0,370
VRV Singh,4,4,4,4,4,4,4,4,4,4,4,4,4,4
VS Malik,0,0,6,6,6,6,7,7,7,7,7,7,7,7
VS Yeligati,2,2,2,2,2,2,2,2,2,2,2,2,2,2
VVS Laxman,155,174,238,282,282,282,282,282,282,282,282,282,282,282
VY Mahesh,15,15,15,15,15,15,15,15,15,15,15,15,15,15
W Jaffer,115,130,130,130,130,130,130,130,130,130,130,130,130,130
WA Mota,26,56,56,56,56,56,56,56,56,56,56,56,56,56
Washington Sundar,0,0,0,0,0,0,0,0,0,9,74,75,186,217
WD Parnell,0,0,0,37,56,61,63,63,63,63,63,63,63,63
WP Saha,159,231,298,366,372,442,804,1053,1323,1557,1679,1765,1979,2110
WPUJC Vaas,21,51,81,81,81,81,81,81,81,81,81,81,81,81
X Thalaivan Sargunam,0,0,0,0,0,10,10,10,10,10,10,10,10,10
Y Gnaneswara Rao,0,0,0,19,19,19,19,19,19,19,19,19,19,19
Y Nagar,0,20,21,132,285,285,285,285,285,285,285,285,285,285
Y Prithvi Raj,0,0,0,0,0,0,0,0,0,0,0,0,0,0
Y Venugopal Rao,288,412,446,782,914,914,985,985,985,985,985,985,985,985
YA Abdulla,0,0,0,0,0,0,0,0,0,0,0,0,0,0
Yashpal Singh,0,47,47,47,47,47,47,47,47,47,47,47,47,47
YBK Jaiswal,0,0,0,0,0,0,0,0,0,0,0,0,40,289
YK Pathan,435,696,1029,1312,1506,1838,2106,2418,2779,2922,3182,3222,3222,3222
Younis Khan,3,3,3,3,3,3,3,3,3,3,3,3,3,3
YS Chahal,0,0,0,0,0,0,1,2,2,15,15,21,22,32
Yuvraj Singh,299,639,898,1241,1241,1479,1855,2103,2339,2591,2656,2754,2754,2754
YV Takawale,70,88,88,88,88,88,192,192,192,192,192,192,192,192
Z Khan,34,42,66,87,99,99,107,107,113,117,117,117,117,117
